ticker,train_end,target_date,last_train_y,yhat,yhat_lower,yhat_upper,actual,abs_error,pct_error,pred_dir,actual_dir,direction_correct,interval_hit
AAPL,2023-12-29,2024-01-02,192.53,199.36726142767515,194.69164395631526,204.44681346102539,185.64,13.72726142767516,7.394560130863878,1,0,0,0
AAPL,2024-01-02,2024-01-03,185.64,198.93067453331378,193.81515948695596,204.31900355848862,184.25,14.680674533313777,7.967801645870826,1,0,0,0
AAPL,2024-01-03,2024-01-04,184.25,198.29780895523874,192.42211084760854,202.9843651750791,181.91,16.38780895523874,9.00874550840408,1,0,0,0
AAPL,2024-01-04,2024-01-05,181.91,197.91033110180246,192.65905487281069,203.29458095310468,181.18,16.73033110180245,9.23409377463243,1,0,0,0
AAPL,2024-01-05,2024-01-08,181.18,197.44187710768352,191.7837095774657,203.13093261328,185.56,11.881877107683522,6.4032534528148295,1,1,1,0
AAPL,2024-01-08,2024-01-09,185.56,196.72934084612814,191.0833969365021,202.61001403794975,185.14,11.589340846128152,6.25977144080273,1,0,0,0
AAPL,2024-01-09,2024-01-10,185.14,195.88172420372388,189.73877706543973,201.26917800456667,186.19,9.69172420372388,5.205287181483082,1,1,1,0
AAPL,2024-01-10,2024-01-11,186.19,195.4083488163609,189.58955251093343,200.93296660680573,185.59,9.818348816360896,5.290343669288141,1,0,0,0
AAPL,2024-01-11,2024-01-12,185.59,195.33062492254217,190.02571133680294,201.29333822976102,185.92,9.410624922542183,5.061652819511628,1,1,1,0
AAPL,2024-01-12,2024-01-16,185.92,195.30576497481712,189.43485077816905,201.167903807344,183.63,11.675764974817127,6.358310174906768,1,0,0,0
AAPL,2024-01-16,2024-01-17,183.63,194.77114777208365,189.1396456710405,201.27555286951537,182.68,12.091147772083644,6.618758359657197,1,0,0,0
AAPL,2024-01-17,2024-01-18,182.68,194.43622259362482,187.99248538177858,200.2732492719306,188.63,5.806222593624824,3.0781013589126935,1,1,1,1
AAPL,2024-01-18,2024-01-19,188.63,194.4896480206266,188.4502591176721,200.0273113952441,191.56,2.929648020626587,1.5293631345132859,1,1,1,1
AAPL,2024-01-19,2024-01-22,191.56,194.84904935421994,188.9964332126478,200.8235284995113,193.89,0.9590493542199567,0.4946358007996767,1,1,1,1
AAPL,2024-01-22,2024-01-23,193.89,194.53967312264808,188.456036325637,200.18873950706615,195.18,0.6403268773519244,0.3280699238237101,1,1,1,1
AAPL,2024-01-23,2024-01-24,195.18,194.45439419888706,187.8034864971301,200.69567843837908,194.5,0.045605801112941435,0.023447712653263064,0,0,1,1
AAPL,2024-01-24,2024-01-25,194.5,194.91277406969334,189.28122697245232,200.86664312215183,194.17,0.742774069693354,0.382538018053819,1,0,0,1
AAPL,2024-01-25,2024-01-26,194.17,195.43354398159588,189.5330230709716,200.925062542644,192.42,3.0135439815958875,1.5661282514495765,1,0,0,1
AAPL,2024-01-26,2024-01-29,192.42,195.4730910408713,189.31581850958622,200.92675288358313,191.73,3.7430910408713203,1.9522719661378467,1,0,0,1
AAPL,2024-01-29,2024-01-30,191.73,194.24604655848378,188.7033277387451,199.96342116931632,188.04,6.206046558483791,3.300386384893508,1,0,0,0
AAPL,2024-01-30,2024-01-31,188.04,193.53467179857972,187.5486755549813,199.18354889132277,184.4,9.134671798579717,4.953726571629254,1,0,0,0
AAPL,2024-01-31,2024-02-01,184.4,193.43136297554324,187.56582668769275,199.07138356585097,186.86,6.571362975543224,3.5167306942050467,1,1,1,0
AAPL,2024-02-01,2024-02-02,186.86,193.01161700931664,187.23712710339797,198.2784012841513,185.85,7.161617009316643,3.853439337600914,1,0,0,0
AAPL,2024-02-02,2024-02-05,185.85,192.22857545972727,186.7275748271181,197.9019441436466,187.68,4.54857545972726,2.4235802746616057,1,1,1,1
AAPL,2024-02-05,2024-02-06,187.68,191.10841779107682,185.67124505413167,196.7059660935466,189.3,1.8084177910768062,0.9553184315801766,1,1,1,1
AAPL,2024-02-06,2024-02-07,189.3,190.80536991738293,185.0370597915547,196.407158541711,189.41,1.3953699173829364,0.7366928447860551,1,1,1,1
AAPL,2024-02-07,2024-02-08,189.41,190.43329080441222,184.80613401283316,195.7846920345074,188.32,2.1132908044122303,1.122180758443082,1,0,0,1
AAPL,2024-02-08,2024-02-09,188.32,190.28523469966447,184.76101522229612,195.63642866400104,188.85,1.435234699664477,0.7599866029062633,1,1,1,1
AAPL,2024-02-09,2024-02-12,188.85,189.59701943220622,184.59764190622712,195.01921712498566,187.15,2.4470194322062184,1.307517730203295,1,0,0,1
AAPL,2024-02-12,2024-02-13,187.15,189.40023716275488,184.23868651029588,194.3548506188643,185.04,4.360237162754885,2.3563754661258365,1,0,0,1
AAPL,2024-02-13,2024-02-14,185.04,188.32552354226746,183.0495155650488,193.27470999512212,184.15,4.175523542267456,2.2674578018141243,1,0,0,1
AAPL,2024-02-14,2024-02-15,184.15,188.20314894893463,183.5288647223424,193.55577699097665,183.86,4.343148948934612,2.3622043667455626,1,0,0,1
AAPL,2024-02-15,2024-02-16,183.86,187.96859952363104,182.62853491795846,192.7374917018467,182.31,5.65859952363104,3.1038338672155428,1,0,0,0
AAPL,2024-02-16,2024-02-20,182.31,187.2779040963935,182.40213067730636,192.02608533861297,181.56,5.717904096393511,3.149319286229664,1,0,0,0
AAPL,2024-02-20,2024-02-21,181.56,185.55588177418983,180.84540005517272,190.47435013619324,182.32,3.235881774189835,1.7748364271678099,1,1,1,1
AAPL,2024-02-21,2024-02-22,182.32,185.43027421776392,180.46319550048096,190.19698005245243,184.37,1.0602742177639186,0.5750795778632156,1,1,1,1
AAPL,2024-02-22,2024-02-23,184.37,185.25577497288805,180.64463763099153,189.8534051547655,182.52,2.735774972888038,1.4988905176080147,1,0,0,1
AAPL,2024-02-23,2024-02-26,182.52,185.33377870724706,180.39726936248042,190.07206069559098,181.16,4.173778707247067,2.3039184737340883,1,0,0,1
AAPL,2024-02-26,2024-02-27,181.16,184.44506853826064,179.68763148744011,189.22016066380442,182.63,1.8150685382606468,0.9938501550464117,1,1,1,1
AAPL,2024-02-27,2024-02-28,182.63,183.52355851716146,178.84675608087355,188.35299690319408,181.42,2.103558517161474,1.1594964816698956,1,0,0,1
AAPL,2024-02-28,2024-02-29,181.42,183.6366265120713,178.47556337550438,188.66528039712537,180.75,2.8866265120713024,1.5970271158570397,1,0,0,1
AAPL,2024-02-29,2024-03-01,180.75,183.42724703331007,178.41938603110302,188.42162880116285,179.66,3.7672470333100705,2.096875783758423,1,0,0,1
AAPL,2024-03-01,2024-03-04,179.66,182.77394087939123,177.7782393121843,187.73770455631072,175.1,7.673940879391239,4.382604728128485,1,0,0,0
AAPL,2024-03-04,2024-03-05,175.1,181.90033985018354,177.1350343915328,186.87149186219148,170.12,11.780339850183537,6.924723635957597,1,0,0,0
AAPL,2024-03-05,2024-03-06,170.12,180.74431329966677,175.77377638421095,185.81921869122255,169.12,11.624313299666767,6.8734113641079855,1,0,0,0
AAPL,2024-03-06,2024-03-07,169.12,180.14195665165974,175.27685525586753,185.16535439830722,169.0,11.14195665165974,6.592873757988434,1,0,0,0
AAPL,2024-03-07,2024-03-08,169.0,179.30467872842198,174.27145339250615,184.50376805252606,170.73,8.574678728421986,5.022362049973497,1,1,1,0
AAPL,2024-03-08,2024-03-11,170.73,178.1010666389101,172.87464512201083,182.9410749941954,172.75,5.351066638910112,3.09757837256171,1,1,1,0
AAPL,2024-03-11,2024-03-12,172.75,177.40703784627112,172.31315959662993,182.49086881314796,173.23,4.1770378462711335,2.411267012659474,1,1,1,1
AAPL,2024-03-12,2024-03-13,173.23,176.64428541964898,171.36804451241113,181.8748791026305,171.13,5.514285419648985,3.2222786298876627,1,0,0,0
AAPL,2024-03-13,2024-03-14,171.13,176.24610157460904,171.27387176866753,181.09754468856545,173.0,3.2461015746090425,1.8763592915730674,1,1,1,1
AAPL,2024-03-14,2024-03-15,173.0,176.02701669928143,170.83494619091766,181.5182110437201,172.62,3.407016699281428,1.9737091293500504,1,0,0,1
AAPL,2024-03-15,2024-03-18,172.62,175.3747140287517,169.86879413227865,180.60916623021282,173.72,1.6547140287516982,0.9525178613035035,1,1,1,1
AAPL,2024-03-18,2024-03-19,173.72,174.93063439964135,169.45010112056724,180.23902522480404,176.08,1.1493656003586636,0.6527519311071037,1,1,1,1
AAPL,2024-03-19,2024-03-20,176.08,174.45052361190375,169.2663090578817,179.7423380349717,178.67,4.21947638809624,2.3616031722505624,0,1,0,1
AAPL,2024-03-20,2024-03-21,178.67,174.80377007068168,169.63125085618128,179.79697744434182,171.37,3.4337700706816747,2.003717144471788,0,0,1,1
AAPL,2024-03-21,2024-03-22,171.37,174.60035663565804,169.62076598848302,179.68246767500725,172.28,2.320356635658044,1.3468520057600177,1,1,1,1
AAPL,2024-03-22,2024-03-25,172.28,173.659870699867,168.58670323326592,179.28159399264175,170.85,2.8098706998670195,1.644641907932429,1,0,0,1
AAPL,2024-03-25,2024-03-26,170.85,173.19355648625358,167.86536388429883,177.979145651919,169.71,3.483556486253576,2.052652457750463,1,0,0,1
AAPL,2024-03-26,2024-03-27,169.71,172.251664268711,167.39340222818436,177.69475608563155,173.31,1.0583357312889916,0.610660510777177,1,1,1,1
AAPL,2024-03-27,2024-03-28,173.31,172.2951877303,167.1126519933974,177.54402353193854,171.48,0.8151877303000106,0.47538356091233513,0,0,1,1
AAPL,2024-03-28,2024-04-01,171.48,171.844566860208,166.30348088491976,176.8787599078579,170.03,1.8145668602080036,1.0672039405406593,1,0,0,1
AAPL,2024-04-01,2024-04-02,170.03,170.3831701007857,164.9321897410022,175.2427526194994,168.84,1.5431701007856873,0.9139837128016399,1,0,0,1
AAPL,2024-04-02,2024-04-03,168.84,169.81511444200228,164.90140781393816,174.97876936887928,169.65,0.16511444200227743,0.09732652047895358,1,1,1,1
AAPL,2024-04-03,2024-04-04,169.65,169.51429026755903,164.84513957182293,174.98749454528306,168.82,0.6942902675590403,0.41126067262049176,0,0,1,1
AAPL,2024-04-04,2024-04-05,168.82,169.1217064536495,163.91306221442818,174.13055133591726,169.58,0.458293546350518,0.27025212072384286,1,1,1,1
AAPL,2024-04-05,2024-04-08,169.58,168.14078462997145,163.12099431113177,173.11089500795896,168.45,0.3092153700285394,0.18356507569616082,0,0,1,1
AAPL,2024-04-08,2024-04-09,168.45,167.85914930441626,162.72329273960867,172.768282897358,169.67,1.8108506955837242,1.0672780665273747,0,1,0,1
AAPL,2024-04-09,2024-04-10,169.67,167.2593069416841,162.3658002524998,172.41671780987855,167.78,0.5206930583159135,0.31034274543144547,0,0,1,1
AAPL,2024-04-10,2024-04-11,167.78,167.19379519234576,161.9952125366804,172.12714156136423,175.04,7.846204807654232,4.482521027882758,0,1,0,0
AAPL,2024-04-11,2024-04-12,175.04,167.50410832613466,162.2264312980612,172.49982246749357,176.55,9.045891673865356,5.123699616739159,0,1,0,0
AAPL,2024-04-12,2024-04-15,176.55,167.3074093800418,162.51281880225167,172.12642412897995,172.69,5.382590619958194,3.116909270743241,0,0,1,0
AAPL,2024-04-15,2024-04-16,172.69,167.28948115091038,162.21444651390507,172.27994618641037,169.38,2.0905188490896194,1.2342182364896668,0,0,1,1
AAPL,2024-04-16,2024-04-17,169.38,166.95915606144493,162.1195196240387,171.72392985199468,168.0,1.0408439385550707,0.6195499633887593,0,0,1,1
AAPL,2024-04-17,2024-04-18,168.0,166.92066162690438,162.31536636459583,172.40081902749162,167.04,0.11933837309561568,0.07144299155200634,0,0,1,1
AAPL,2024-04-18,2024-04-19,167.04,167.04552737120406,162.35026357411758,172.21156725618323,165.0,2.0455273712040594,1.2397135582303562,1,0,0,1
AAPL,2024-04-19,2024-04-22,165.0,165.95527856563314,160.7201778090957,171.49391674605099,165.84,0.11527856563313321,0.06951191849142668,1,1,1,1
AAPL,2024-04-22,2024-04-23,165.84,165.5458333229698,160.5449751872143,170.87622204170776,166.9,1.3541666770302072,0.8113640964344342,0,1,0,1
AAPL,2024-04-23,2024-04-24,166.9,165.08393847133323,160.1405371556161,169.960280130804,169.02,3.9360615286667837,2.3287548979019688,0,1,0,1
AAPL,2024-04-24,2024-04-25,169.02,165.34270966060933,160.20768643632596,170.48996795946871,169.89,4.547290339390656,2.6766085932797665,0,1,0,1
AAPL,2024-04-25,2024-04-26,169.89,165.53619457636864,160.71134713432892,170.55872564900392,169.3,3.763805423631368,2.22315736763677,0,0,1,1
AAPL,2024-04-26,2024-04-29,169.3,165.0469665754077,159.84904430685464,170.07647104041445,173.5,8.453033424592292,4.872065374123968,0,1,0,0
AAPL,2024-04-29,2024-04-30,173.5,165.07436237258574,159.67570876646283,170.23955838603322,170.33,5.2556376274142735,3.0855619251486623,0,0,1,0
AAPL,2024-04-30,2024-05-01,170.33,165.15483049733766,160.2306690543765,170.31298611893752,169.3,4.145169502662355,2.448416717316901,0,0,1,1
AAPL,2024-05-01,2024-05-02,169.3,164.9795337880341,159.78790860795368,170.51872887011262,173.03,8.050466211965897,4.652641860660367,0,1,0,0
AAPL,2024-05-02,2024-05-03,173.03,165.44424804849632,160.50986336139354,170.73869550672816,183.38,17.935751951503676,9.780647808117356,0,1,0,0
AAPL,2024-05-03,2024-05-06,183.38,165.94315224776236,160.75210962337334,171.91636316330306,181.71,15.766847752237652,8.676929036029914,0,0,1,0
AAPL,2024-05-06,2024-05-07,181.71,166.2668241639139,160.78541518413866,172.06671056526227,182.4,16.13317583608611,8.844942892106149,0,1,0,0
AAPL,2024-05-07,2024-05-08,182.4,166.70087296566618,160.37385052791313,172.6702111151863,182.74,16.03912703433383,8.777020375099118,0,1,0,0
AAPL,2024-05-08,2024-05-09,182.74,167.5860765102558,162.0447951186861,173.81884767658846,184.57,16.9839234897442,9.201887353754138,0,1,0,0
AAPL,2024-05-09,2024-05-10,184.57,169.0157828711141,163.30313085032085,175.15912419946525,183.05,14.0342171288859,7.666876333307409,0,0,1,0
AAPL,2024-05-10,2024-05-13,183.05,169.26939200107262,163.15364276165778,175.68762067397088,186.28,17.010607998927384,9.131741463396075,0,1,0,0
AAPL,2024-05-13,2024-05-14,186.28,170.12600342696692,163.85225543215813,175.95162646646992,187.43,17.30399657303309,9.232244876545838,0,1,0,0
AAPL,2024-05-14,2024-05-15,187.43,171.21850560952473,164.52471483337894,177.60274042880886,189.72,18.501494390475273,9.751999994465566,0,1,0,0
AAPL,2024-05-15,2024-05-16,189.72,173.2545347140286,167.1226841319086,178.9951601686994,189.84,16.585465285971395,8.736549349503656,0,1,0,0
AAPL,2024-05-16,2024-05-17,189.84,174.6434216172339,167.89576483724133,180.4580691988058,189.87,15.226578382766093,8.019475631729152,0,1,0,0
AAPL,2024-05-17,2024-05-20,189.87,175.67900840668827,169.0386261796529,182.12229942189228,191.04,15.360991593311724,8.040720054704591,0,1,0,0
AAPL,2024-05-20,2024-05-21,191.04,176.32686934173955,170.23638874011922,182.4447731340908,192.35,16.023130658260442,8.330195298896502,0,1,0,0
AAPL,2024-05-21,2024-05-22,192.35,177.4571351289392,170.66412648488594,184.11386078578673,190.9,13.442864871060806,7.041835971899749,0,0,1,0
AAPL,2024-05-22,2024-05-23,190.9,179.37759137063654,172.89018900417204,185.7465787224556,186.88,7.502408629363458,4.014559411901756,0,0,1,0
AAPL,2024-05-23,2024-05-24,186.88,180.43591294099772,173.88706960895004,186.46115195258332,189.98,9.544087059002266,5.02373252895036,0,1,0,0
AAPL,2024-05-24,2024-05-28,189.98,181.98650177593774,175.78673719655663,188.44580311781957,189.99,8.00349822406227,4.212589201347971,0,1,0,0
AAPL,2024-05-28,2024-05-29,189.99,182.4310910029568,175.76148904279688,188.41056758404636,190.29,7.858908997043187,4.129964263298224,0,1,0,0
AAPL,2024-05-29,2024-05-30,190.29,182.59389074928762,176.2007824599749,188.85446855685927,191.29,8.696109250712368,4.546034424307472,0,1,0,0
AAPL,2024-05-30,2024-05-31,191.29,185.3028524037802,178.67706479605383,191.21409854295626,192.25,6.947147596219793,3.613600830095413,0,1,0,0
AAPL,2024-05-31,2024-06-03,192.25,186.1811919386111,180.04750085286852,192.237865126864,194.03,7.848808061388894,4.045151812082862,0,1,0,0
AAPL,2024-06-03,2024-06-04,194.03,187.8490798791589,181.36375512051487,193.7327221446601,194.35,6.500920120841101,3.3449550401371786,0,1,0,0
AAPL,2024-06-04,2024-06-05,194.35,188.2688570846593,182.41667916503332,194.84239398862312,195.87,7.601142915340716,3.88070807931416,0,1,0,0
AAPL,2024-06-05,2024-06-06,195.87,189.21521212819937,182.85065492879906,195.28852728647007,194.48,5.264787871800621,2.7071101766402252,0,0,1,1
AAPL,2024-06-06,2024-06-07,194.48,191.06839895750076,185.0551708274408,196.86154828591174,196.89,5.821601042499225,2.956778425620167,0,1,0,0
AAPL,2024-06-07,2024-06-10,196.89,192.41427195174174,186.39735890290038,198.07989341365794,193.12,0.7057280482582655,0.36543498768730426,0,0,1,1
AAPL,2024-06-10,2024-06-11,193.12,193.16961569108437,187.17566275799223,198.87479487956304,207.15,13.980384308915632,6.7489183240360795,1,1,1,0
AAPL,2024-06-11,2024-06-12,207.15,194.4505929658903,188.32185683516093,200.36271229754976,213.07,18.619407034109685,8.738633797923603,0,1,0,0
AAPL,2024-06-12,2024-06-13,213.07,197.29740477704294,191.6395764928846,203.14341047326,214.24,16.942595222957067,7.908231526403213,0,1,0,0
AAPL,2024-06-13,2024-06-14,214.24,199.15867562244017,192.98133464696272,204.86700485370628,212.49,13.331324377559838,6.273859653128359,0,0,1,0
AAPL,2024-06-14,2024-06-17,212.49,201.0086216660324,194.8051859797288,207.0396554160471,216.67,15.661378333967576,7.228217258155147,0,1,0,0
AAPL,2024-06-17,2024-06-18,216.67,203.30907616936256,197.55398343928283,209.28754160063116,214.29,10.980923830637437,5.124328634152319,0,0,1,0
AAPL,2024-06-18,2024-06-20,214.29,204.72508178197015,198.68922654229985,210.7082268749273,209.68,4.95491821802986,2.3630857581999,0,0,1,1
AAPL,2024-06-20,2024-06-21,209.68,207.0019834366284,201.05089573793668,212.96282534931396,207.49,0.48801656337161603,0.235200040169693,0,0,1,1
AAPL,2024-06-21,2024-06-24,207.49,208.55873526528003,202.95667640937714,214.95510937832537,208.14,0.41873526528004845,0.20117962201399564,1,1,1,1
AAPL,2024-06-24,2024-06-25,208.14,209.7497197453333,204.022789684843,215.80567139958487,209.07,0.6797197453333013,0.32511586803500725,1,1,1,1
AAPL,2024-06-25,2024-06-26,209.07,210.23879081462582,204.273050377628,215.7222085087377,213.25,3.0112091853741845,1.412055889909955,1,1,1,1
AAPL,2024-06-26,2024-06-27,213.25,210.92942585355544,205.22982418112846,216.7372212470743,214.1,3.170574146444551,1.480884701679805,0,1,0,1
AAPL,2024-06-27,2024-06-28,214.1,212.56206546897874,206.65302754376077,218.06217634818887,210.62,1.9420654689787398,0.9220707762256826,0,0,1,1
AAPL,2024-06-28,2024-07-01,210.62,214.6436652165202,209.2858110215744,219.88488490219655,216.75,2.1063347834798094,0.9717807535790687,1,1,1,1
AAPL,2024-07-01,2024-07-02,216.75,215.8080062622735,210.26053538390542,221.46311270813348,220.27,4.461993737726516,2.0256928939592074,0,1,0,1
AAPL,2024-07-02,2024-07-03,220.27,216.911188857907,211.8159439579225,222.30182519607953,221.55,4.6388111420930045,2.093798755081753,0,1,0,1
AAPL,2024-07-03,2024-07-05,221.55,217.4302104752177,211.97808748950206,222.8145394847742,226.34,8.909789524782298,3.936462633378391,0,1,0,0
AAPL,2024-07-05,2024-07-08,226.34,221.60160361731513,216.0576610790794,227.15120244781048,227.82,6.218396382684858,2.729521719959576,0,1,0,0
AAPL,2024-07-08,2024-07-09,227.82,222.74946976365007,217.26253387368212,228.64743051596082,228.68,5.930530236349938,2.5933751251052124,0,1,0,0
AAPL,2024-07-09,2024-07-10,228.68,224.01516261469558,218.5070214622041,229.25782575682433,232.98,8.964837385304406,3.8478999849427487,0,1,0,0
AAPL,2024-07-10,2024-07-11,232.98,225.1175087673503,219.47848646044142,230.5266400708712,227.57,2.4524912326496917,1.0776865283393782,0,0,1,1
AAPL,2024-07-11,2024-07-12,227.57,226.29192749563305,220.9679529362173,232.05510138528328,230.54,4.248072504366945,1.8426617958630516,0,1,0,1
AAPL,2024-07-12,2024-07-15,230.54,228.97864822988717,223.32670424692822,234.38083623576358,234.4,5.421351770112835,2.312863383055268,0,1,0,0
AAPL,2024-07-15,2024-07-16,234.4,230.3123912732602,225.1047050884593,235.6365642969912,234.82,4.5076087267397895,1.9196017062208626,0,1,0,1
AAPL,2024-07-16,2024-07-17,234.82,231.23367307570342,226.00805592532572,236.92961116386095,228.88,2.3536730757034263,1.0283437065713876,0,0,1,1
AAPL,2024-07-17,2024-07-18,228.88,231.5464860160407,226.019435192288,236.99911272571748,224.18,7.366486016040682,3.2859693173842826,1,0,0,0
AAPL,2024-07-18,2024-07-19,224.18,231.9302807361135,226.4123827096256,237.228997559535,224.31,7.6202807361135,3.397209547400374,1,1,1,0
AAPL,2024-07-19,2024-07-22,224.31,233.73537895249004,228.46499027426495,239.5147317747142,223.96,9.77537895249003,4.364787887146611,1,0,0,0
AAPL,2024-07-22,2024-07-23,223.96,233.88424842537654,228.00271706228,239.2031698500297,225.01,8.87424842537655,3.943935125097621,1,1,1,0
AAPL,2024-07-23,2024-07-24,225.01,233.7137836236073,228.1302035036107,239.31617936003042,218.54,15.173783623607306,6.943252321274358,1,0,0,0
AAPL,2024-07-24,2024-07-25,218.54,233.06115394972565,227.40447692661445,239.00794649215217,217.49,15.571153949725641,7.159480412437212,1,0,0,0
AAPL,2024-07-25,2024-07-26,217.49,233.29848817764793,227.93087685974197,239.39576142008235,217.96,15.338488177647918,7.0372949976803945,1,1,1,0
AAPL,2024-07-26,2024-07-29,217.96,234.41713663465077,228.53216957239692,240.47821872429986,218.24,16.177136634650765,7.412544278734195,1,1,1,0
AAPL,2024-07-29,2024-07-30,218.24,234.31495579008225,227.95377070381085,240.33957290092962,218.8,15.51495579008224,7.090930433899975,1,1,1,0
AAPL,2024-07-30,2024-07-31,218.8,233.88097858990514,227.6634605092054,239.9430973795858,222.08,11.800978589905128,5.3138412236012895,1,1,1,0
AAPL,2024-07-31,2024-08-01,222.08,233.30619714249642,227.15252235101238,239.76204080693992,218.36,14.946197142496402,6.844750477107494,1,0,0,0
AAPL,2024-08-01,2024-08-02,218.36,233.60728914649908,227.15121181659396,240.1403512144956,219.86,13.747289146499071,6.252746814278994,1,1,1,0
AAPL,2024-08-02,2024-08-05,219.86,234.71612116502786,228.097848642586,241.10126887570146,209.27,25.446121165027847,12.159469185173172,1,0,0,0
AAPL,2024-08-05,2024-08-06,209.27,234.21167354255863,227.19303327121776,241.48496923655287,207.23,26.98167354255864,13.020158056872374,1,0,0,0
AAPL,2024-08-06,2024-08-07,207.23,233.1465169916614,225.90778704776162,240.5792432088164,209.82,23.326516991661407,11.117394428819782,1,1,1,0
AAPL,2024-08-07,2024-08-08,209.82,231.70899886857364,224.45301965527858,238.64266416785972,213.31,18.398998868573642,8.625474130472597,1,1,1,0
AAPL,2024-08-08,2024-08-09,213.31,232.148204676249,224.5761370817784,239.52567175833846,216.24,15.908204676249,7.356735421528544,1,1,1,0
AAPL,2024-08-09,2024-08-12,216.24,232.61039117029443,225.51858972037274,240.2312045255373,217.53,15.080391170294433,6.932556966671805,1,1,1,0
AAPL,2024-08-12,2024-08-13,217.53,232.4630728841482,224.58997737938475,240.35845412735486,221.27,11.193072884148194,5.058558721761801,1,1,1,0
AAPL,2024-08-13,2024-08-14,221.27,231.51398993241554,223.6727961168162,239.61391301440145,221.72,9.793989932415542,4.417278518840797,1,1,1,0
AAPL,2024-08-14,2024-08-15,221.72,230.4730706997104,221.9125061000195,237.92977065147426,224.72,5.753070699710406,2.560106220832323,1,1,1,1
AAPL,2024-08-15,2024-08-16,224.72,230.4356210229063,223.1545505483313,237.43398043186141,226.05,4.385621022906292,1.9401110474285694,1,1,1,1
AAPL,2024-08-16,2024-08-19,226.05,231.04579363111586,224.06005856612595,238.87380815057926,225.89,5.15579363111587,2.2824355353878554,1,0,0,1
AAPL,2024-08-19,2024-08-20,225.89,231.34353491551377,224.2463774487626,238.9307893180741,226.51,4.833534915513781,2.1339167874709233,1,1,1,1
AAPL,2024-08-20,2024-08-21,226.51,230.7788546286524,223.85251509654694,238.36998230727647,226.4,4.378854628652391,1.9341230691073228,1,0,0,1
AAPL,2024-08-21,2024-08-22,226.4,229.9594627017151,223.01745747192408,236.56417784830285,224.53,5.429462701715096,2.4181457718225987,1,0,0,1
AAPL,2024-08-22,2024-08-23,224.53,229.91901722841837,223.11456013386768,236.56893672593014,226.84,3.0790172284183654,1.3573519786116337,1,1,1,1
AAPL,2024-08-23,2024-08-26,226.84,230.30146646916677,223.4003226071318,236.99064354165603,227.18,3.121466469166762,1.3740058407559474,1,1,1,1
AAPL,2024-08-26,2024-08-27,227.18,230.36005514107077,223.54646079432362,237.33255717231836,228.03,2.3300551410707726,1.021819559254743,1,1,1,1
AAPL,2024-08-27,2024-08-28,228.03,229.77070890675623,222.56233097565166,236.14758080909584,226.49,3.2807089067562174,1.448500554819801,1,0,0,1
AAPL,2024-08-28,2024-08-29,226.49,229.3384512233363,222.4693266926358,236.35766963084458,229.79,0.4515487766636852,0.19650497264634437,1,1,1,1
AAPL,2024-08-29,2024-08-30,229.79,229.3888338323371,223.0439988188468,235.75333341653558,229.0,0.3888338323370988,0.16979643332756295,0,0,1,1
AAPL,2024-08-30,2024-09-03,229.0,229.62606759955412,222.74277076489267,236.50592714436627,222.77,6.856067599554109,3.0776440271339696,1,0,0,1
AAPL,2024-09-03,2024-09-04,222.77,228.75724094015968,222.87275001340493,235.8268092551764,220.85,7.9072409401596815,3.5803671903109096,1,0,0,0
AAPL,2024-09-04,2024-09-05,220.85,228.47455089330037,221.81320087763882,235.37439150851247,222.38,6.094550893300379,2.7406020743890274,1,1,1,1
AAPL,2024-09-05,2024-09-06,222.38,227.73660999737572,221.3371014258672,234.2312921520202,220.82,6.91660999737573,3.1322389263031,1,0,0,0
AAPL,2024-09-06,2024-09-09,220.82,227.3671204641703,220.74331195125225,233.6581012451769,220.91,6.457120464170316,2.9229643130134533,1,1,1,1
AAPL,2024-09-09,2024-09-10,220.91,227.04157185819355,220.65820289632882,233.3530622058777,220.11,6.931571858193536,3.1491399108984695,1,0,0,0
AAPL,2024-09-10,2024-09-11,220.11,226.44537845534552,220.28614186001877,232.25121793946528,222.66,3.7853784553455228,1.7000711646346516,1,1,1,1
AAPL,2024-09-11,2024-09-12,222.66,225.7467136428204,219.4965541969497,232.20207387957583,222.77,2.9767136428203855,1.3362273388188546,1,1,1,1
AAPL,2024-09-12,2024-09-13,222.77,225.22442347990398,218.87015341141566,231.3672043567102,222.5,2.724423479903976,1.2244599909130471,1,0,0,1
AAPL,2024-09-13,2024-09-16,222.5,224.92494468959507,218.98855965924864,231.02707731286142,216.32,8.604944689595072,3.977877537535727,1,0,0,0
AAPL,2024-09-16,2024-09-17,216.32,223.97053395669133,218.30164052327555,229.8235519741162,216.79,7.180533956691335,3.3122071849993606,1,1,1,0
AAPL,2024-09-17,2024-09-18,216.79,223.26896309480597,217.2709802466239,229.06911141313847,220.69,2.578963094805971,1.1685908263578377,1,1,1,1
AAPL,2024-09-18,2024-09-19,220.69,222.17970904203688,216.5688747358127,227.45625549026067,228.87,6.6902909579631284,2.9231838850311576,1,1,1,0
AAPL,2024-09-19,2024-09-20,228.87,223.3479051564997,217.16759475111658,229.30989062217887,228.2,4.852094843500282,2.126246644736046,0,0,1,1
AAPL,2024-09-20,2024-09-23,228.2,222.8142774349545,216.91473238966972,228.8145659168508,226.47,3.655722565045494,1.6142193512977754,0,0,1,1
AAPL,2024-09-23,2024-09-24,226.47,222.93301250747558,216.9670585259058,228.9617234030885,227.37,4.436987492524423,1.9514392806127805,0,1,0,1
AAPL,2024-09-24,2024-09-25,227.37,223.27635423634717,217.4808547576598,229.08999526889485,226.37,3.0936457636528303,1.3666323998392749,0,0,1,1
AAPL,2024-09-25,2024-09-26,226.37,223.37569798773728,217.40881467016183,229.1855671067353,227.52,4.144302012262727,1.8215110812590436,0,1,0,1
AAPL,2024-09-26,2024-09-27,227.52,224.1327840261073,217.689347601677,229.75266583813544,227.79,3.657215973892704,1.6055208629580546,0,1,0,1
AAPL,2024-09-27,2024-09-30,227.79,224.1324924873771,217.60954163639718,230.42013514813965,233.0,8.867507512622893,3.8057972155546413,0,1,0,0
AAPL,2024-09-30,2024-10-01,233.0,224.71729208422948,218.6828983113148,230.44706040693987,226.21,1.4927079157705236,0.6598770680803394,0,0,1,1
AAPL,2024-10-01,2024-10-02,226.21,225.0656003021978,219.0977346958524,231.28374237104381,226.78,1.7143996978022074,0.7559748204103579,0,1,0,1
AAPL,2024-10-02,2024-10-03,226.78,225.4296687260669,218.98477470620085,231.0472105567389,225.67,0.24033127393309428,0.10649677578873781,0,0,1,1
AAPL,2024-10-03,2024-10-04,225.67,225.82438701584636,219.80132630826915,231.74721843978762,226.8,0.9756129841536563,0.430164455075238,1,1,1,1
AAPL,2024-10-04,2024-10-07,226.8,225.51657733383928,219.4160848832963,231.62009964187965,221.69,3.826577333839282,1.726093794788521,0,0,1,1
AAPL,2024-10-07,2024-10-08,221.69,224.964134264218,219.36440456054794,231.1977050623536,225.77,0.8058657357820209,0.35694101773766523,1,1,1,1
AAPL,2024-10-08,2024-10-09,225.77,225.18099077658974,219.43649180184065,230.82989739657808,229.54,4.359009223410254,1.8990194402807148,0,1,0,1
AAPL,2024-10-09,2024-10-10,229.54,225.61602804338182,219.04110437212992,231.75481187256932,229.04,3.4239719566181748,1.4949231385210804,0,0,1,1
AAPL,2024-10-10,2024-10-11,229.04,226.15791687116558,220.309500705657,232.73442941712153,227.55,1.3920831288344289,0.6117702169954963,0,0,1,1
AAPL,2024-10-11,2024-10-14,227.55,225.91607567764052,219.97565274797694,231.92008194037865,231.3,5.383924322359491,2.3276802084421626,0,1,0,1
AAPL,2024-10-14,2024-10-15,231.3,226.20468209748225,220.57110321256633,231.89218362223843,233.85,7.645317902517746,3.2693255942659025,0,1,0,0
AAPL,2024-10-15,2024-10-16,233.85,226.79765980746657,220.773394577331,233.148260077705,231.78,4.982340192533428,2.1495988404169766,0,0,1,1
AAPL,2024-10-16,2024-10-17,231.78,227.24599873021637,221.9225875440121,232.93564107719916,232.15,4.904001269783635,2.1124278568048207,0,1,0,1
AAPL,2024-10-17,2024-10-18,232.15,227.96076628294276,222.07945918922917,233.63695510634705,235.0,7.039233717057243,2.9954186028756173,0,1,0,0
AAPL,2024-10-18,2024-10-21,235.0,228.30978477651658,222.2448110416883,234.06592665190982,236.48,8.17021522348341,3.4549286295407295,0,1,0,0
AAPL,2024-10-21,2024-10-22,236.48,229.00671977181466,223.45968496759008,234.87225754770043,235.86,6.853280228185355,2.90565599418926,0,0,1,0
AAPL,2024-10-22,2024-10-23,235.86,229.63241265220023,224.13616813229592,235.26832372535046,230.76,1.1275873477997607,0.48864072965457467,0,0,1,1
AAPL,2024-10-23,2024-10-24,230.76,229.84301811162703,224.09582681808322,235.9323582955923,230.57,0.7269818883729613,0.3152976919553418,0,0,1,1
AAPL,2024-10-24,2024-10-25,230.57,230.69553101585572,225.1436824234719,235.9902486320082,231.41,0.7144689841442755,0.3087459418838429,1,1,1,1
AAPL,2024-10-25,2024-10-28,231.41,231.03472627777043,225.68216990755894,236.58684907351346,233.4,2.365273722229574,1.0133991954276924,0,1,0,1
AAPL,2024-10-28,2024-10-29,233.4,230.54076524039107,224.83536838073826,237.02150028751956,233.67,3.12923475960892,1.3391683825373404,0,1,0,1
AAPL,2024-10-29,2024-10-30,233.67,231.05441799720637,225.23563768326136,237.05451193114524,230.1,0.9544179972063773,0.4147840057213815,0,0,1,1
AAPL,2024-10-30,2024-10-31,230.1,231.13424447527458,225.5013140004913,236.86821437959728,225.91,5.224244475274588,2.3125335200050174,1,0,0,1
AAPL,2024-10-31,2024-11-01,225.91,231.1327515074081,225.68470460637838,236.5792876154023,222.91,8.222751507408105,3.688821276317448,1,0,0,0
AAPL,2024-11-01,2024-11-04,222.91,230.73340347899338,224.59628956344844,235.92610993571765,222.01,8.72340347899339,3.929284031620405,1,0,0,0
AAPL,2024-11-04,2024-11-05,222.01,230.36175321021193,225.1116700921222,236.51422875723972,223.45,6.911753210211941,3.09319901987139,1,1,1,0
AAPL,2024-11-05,2024-11-06,223.45,229.8644597503008,223.86407441533635,235.68515476166064,222.72,7.144459750300797,3.207821367627521,1,0,0,0
AAPL,2024-11-06,2024-11-07,222.72,229.36657082408001,223.35643365673556,235.03142124655864,227.48,1.8865708240800245,0.829334809212718,1,1,1,1
AAPL,2024-11-07,2024-11-08,227.48,229.8164841328479,224.09500029342627,236.1288380704915,226.96,2.8564841328478963,1.258584831125325,1,0,0,1
AAPL,2024-11-08,2024-11-11,226.96,229.50176228300566,223.56895837839707,235.3976026565564,224.23,5.271762283005671,2.351051278941518,1,0,0,1
AAPL,2024-11-11,2024-11-12,224.23,229.43432597197443,223.3300455423837,235.2209716178001,224.23,5.204325971974441,2.320976663132651,1,0,0,1
AAPL,2024-11-12,2024-11-13,224.23,229.19722120251413,223.44334823285254,235.35969253654665,225.12,4.077221202514124,1.8111323748814012,1,1,1,1
AAPL,2024-11-13,2024-11-14,225.12,229.22119227804254,223.51245783439683,235.20268709439952,228.22,1.001192278042538,0.4386961169041575,1,1,1,1
AAPL,2024-11-14,2024-11-15,228.22,229.60527058485107,224.17093637019033,235.385168376466,225.0,4.60527058485107,2.046786926509507,1,0,0,1
AAPL,2024-11-15,2024-11-18,225.0,228.87110573697566,223.10413666151072,234.60619134288154,228.02,0.8511057369756543,0.373259247845947,1,1,1,1
AAPL,2024-11-18,2024-11-19,228.02,229.18681362102228,223.28676924239682,235.10862043281074,228.28,0.9068136210222804,0.39723743691193125,1,1,1,1
AAPL,2024-11-19,2024-11-20,228.28,228.973548253267,222.91762192721674,234.66190336181015,229.0,0.026451746732988113,0.011550981105603937,1,1,1,1
AAPL,2024-11-20,2024-11-21,229.0,229.2098494427548,223.40277222003613,235.0330991996428,228.52,0.6898494427547917,0.30187705352905825,1,0,0,1
AAPL,2024-11-21,2024-11-22,228.52,229.44027563096552,223.54102892114426,234.97284326082624,229.87,0.4297243690344885,0.1869423452454841,1,1,1,1
AAPL,2024-11-22,2024-11-25,229.87,229.3683314250425,223.87715799098075,234.79917545228884,232.87,3.501668574957506,1.5037010240937585,0,1,0,1
AAPL,2024-11-25,2024-11-26,232.87,229.62056873954188,223.56763533185372,235.76220198039547,235.06,5.439431260458122,2.3140607760685423,0,1,0,1
AAPL,2024-11-26,2024-11-27,235.06,229.74178159938586,223.90802814115264,235.68560350543888,234.93,5.188218400614147,2.208410335160816,0,0,1,1
AAPL,2024-11-27,2024-11-29,234.93,230.21941441062702,224.4042505218161,236.1039501165905,237.33,7.110585589372988,2.9960753335327936,0,1,0,0
AAPL,2024-11-29,2024-12-02,237.33,230.6687328529181,224.74522570829217,236.68898094628082,239.59,8.921267147081892,3.723555718815283,0,1,0,0
AAPL,2024-12-02,2024-12-03,239.59,231.23472132879098,225.11898524238316,237.3998994971172,242.65,11.415278671209023,4.704421459195789,0,1,0,0
AAPL,2024-12-03,2024-12-04,242.65,231.77850532857568,226.149623908843,238.14804311282597,243.01,11.231494671424315,4.621824069364278,0,1,0,0
AAPL,2024-12-04,2024-12-05,243.01,232.7102629368443,226.61005656001717,238.592483654654,243.04,10.329737063155704,4.250220977094586,0,1,0,0
AAPL,2024-12-05,2024-12-06,243.04,233.61264695114616,227.5675451547944,239.68617319644247,242.84,9.227353048853843,3.79976653289156,0,0,1,0
AAPL,2024-12-06,2024-12-09,242.84,234.17993029632723,227.77244975239404,240.38708188813268,246.75,12.570069703672772,5.094253172507942,0,1,0,0
AAPL,2024-12-09,2024-12-10,246.75,235.27838134792944,229.14398749162456,241.39313346489345,247.77,12.49161865207057,5.041618699425438,0,1,0,0
AAPL,2024-12-10,2024-12-11,247.77,236.2838047304549,229.9055127955256,242.22814110233574,246.49,10.206195269545105,4.1406123044062815,0,0,1,0
AAPL,2024-12-11,2024-12-12,246.49,236.63423178781701,230.18779904396862,243.02070356718053,247.96,11.325768212182993,4.56757872710366,0,1,0,0
AAPL,2024-12-12,2024-12-13,247.96,237.8994868911059,231.44713444144318,244.04277929214112,248.13,10.230513108894087,4.123045624665209,0,1,0,0
AAPL,2024-12-13,2024-12-16,248.13,239.0519021656417,232.33916884531712,245.512020222635,251.04,11.988097834358285,4.775373579461738,0,1,0,0
AAPL,2024-12-16,2024-12-17,251.04,239.9036778799508,233.66601749755856,246.69987169480052,253.48,13.576322120049184,5.355973693985161,0,1,0,0
AAPL,2024-12-17,2024-12-18,253.48,240.90428053483012,234.4998182520787,247.54698757607923,248.05,7.14571946516989,2.88075769598138,0,0,1,0
AAPL,2024-12-18,2024-12-19,248.05,241.93758793778088,234.94324277077976,248.39048922141933,249.79,7.852412062219116,3.14360545334271,0,1,0,0
AAPL,2024-12-19,2024-12-20,249.79,242.7734861118761,235.98010764624362,249.3498886285571,254.49,11.716513888123899,4.603919166829151,0,1,0,0
AAPL,2024-12-20,2024-12-23,254.49,244.24166040923862,237.13611372363906,251.1956701411273,255.27,11.02833959076139,4.3202646571588375,0,1,0,0
AAPL,2024-12-23,2024-12-24,255.27,245.29999326666936,238.72038397994302,251.34602338549377,258.2,12.900006733330628,4.9961296409105405,0,1,0,0
AAPL,2024-12-24,2024-12-26,258.2,246.08026407537773,239.22908486662803,252.96712931555155,259.02,12.939735924622255,4.995651271763837,0,1,0,0
AAPL,2024-12-26,2024-12-27,259.02,248.1442944403894,241.01696436902702,254.83028649412427,255.59,7.445705559610616,2.9131443168039834,0,0,1,0
AAPL,2024-12-27,2024-12-30,255.59,249.59098539392218,242.61995368539363,256.7052146493056,252.2,2.6090146060778068,1.0345022228288487,0,0,1,1
AAPL,2024-12-30,2024-12-31,252.2,250.44696993056445,244.0346739085567,257.1756157534661,250.42,0.026969930564462175,0.010769878828921487,0,0,1,1
AAPL,2024-12-31,2025-01-02,250.42,250.41612909269745,243.5319028135106,257.30977832180554,243.85,6.566129092697452,2.6926918566447333,0,0,1,1
AAPL,2025-01-02,2025-01-03,243.85,251.56679000131584,244.20433540720265,258.4635850295645,243.36,8.206790001315824,3.372283859705208,1,0,0,0
AAPL,2025-01-03,2025-01-06,243.36,252.1586313228174,245.3836163302843,259.24949832472106,245.0,7.158631322817399,2.9218903357245756,1,1,1,0
AAPL,2025-01-06,2025-01-07,245.0,252.25608663052967,245.3210446672224,258.45143547097183,242.21,10.046086630529658,4.147676243802852,1,0,0,0
AAPL,2025-01-07,2025-01-08,242.21,251.61996641640565,245.40992406589916,258.35164206923844,242.7,8.919966416405657,3.6753054866246915,1,1,1,0
AAPL,2025-01-08,2025-01-10,242.7,251.7998252349921,245.38532876619894,258.11072686434034,236.85,14.949825234992119,6.311938034351246,1,0,0,0
AAPL,2025-01-10,2025-01-13,236.85,252.0540431302558,245.24850649839757,258.84078625309877,234.4,17.654043130255786,7.531588365828766,1,0,0,0
AAPL,2025-01-13,2025-01-14,234.4,251.65653142694836,245.31426655068068,258.76317077452114,233.28,18.37653142694836,7.877456887071594,1,0,0,0
AAPL,2025-01-14,2025-01-15,233.28,249.835627842446,242.85208045127226,256.2698689349664,237.87,11.965627842445997,5.030322378586187,1,1,1,0
AAPL,2025-01-15,2025-01-16,237.87,249.95960487025877,243.08013861389946,256.617401919087,228.26,21.69960487025878,9.506529777143664,1,0,0,0
AAPL,2025-01-16,2025-01-17,228.26,248.88310691960496,241.50345179932975,255.96917249143854,229.98,18.903106919604966,8.21945687398166,1,1,1,0
AAPL,2025-01-17,2025-01-21,229.98,248.17999682959083,241.29844688893286,255.9171082202443,222.64,25.539996829590848,11.471432280113055,1,0,0,0
AAPL,2025-01-21,2025-01-22,222.64,246.3103672916485,238.55266825979896,253.83527067297473,223.83,22.48036729164849,10.04350055427965,1,1,1,0
AAPL,2025-01-22,2025-01-23,223.83,245.28682401179526,237.43363924909121,252.85622873183812,223.66,21.626824011795264,9.669509081117909,1,0,0,0
AAPL,2025-01-23,2025-01-24,223.66,244.4881599942295,235.71222434564334,251.84489096485837,222.78,21.708159994229504,9.74421401977515,1,0,0,0
AAPL,2025-01-24,2025-01-27,222.78,243.97764025277547,235.59644187815184,252.05450913501875,229.86,14.117640252775459,6.141842970573946,1,1,1,0
AAPL,2025-01-27,2025-01-28,229.86,243.17783708767533,234.7382873174768,251.70436955848936,238.26,4.917837087675338,2.064063244971431,1,1,1,1
AAPL,2025-01-28,2025-01-29,238.26,242.42950412879125,233.76533227116883,250.3821735760903,239.36,3.0695041287912375,1.2823797328973092,1,1,1,1
AAPL,2025-01-29,2025-01-30,239.36,242.7898373157464,234.05858052677885,250.94621748785866,237.59,5.199837315746407,2.1885758304337513,1,0,0,1
AAPL,2025-01-30,2025-01-31,237.59,242.96107076848588,234.88502731634972,251.31709393122662,236.0,6.961070768485882,2.9496062577080173,1,0,0,1
AAPL,2025-01-31,2025-02-03,236.0,243.04787303280511,234.26910480458926,251.62680959102568,228.01,15.037873032805123,6.595269081244505,1,0,0,0
AAPL,2025-02-03,2025-02-04,228.01,242.63778494976717,234.22181519357508,251.25045575025283,232.8,9.837784949767155,4.225852641471035,1,1,1,0
AAPL,2025-02-04,2025-02-05,232.8,241.48679361240073,233.37265431462814,250.24441644438426,232.47,9.016793612400733,3.8786912771595747,1,0,0,0
AAPL,2025-02-05,2025-02-06,232.47,241.5666642509669,232.6564798841588,249.800135517287,233.22,8.34666425096691,3.5788801348979598,1,1,1,1
AAPL,2025-02-06,2025-02-07,233.22,241.15495585374916,232.33812843286717,249.56903487578734,227.63,13.524955853749162,5.941640316810173,1,0,0,0
AAPL,2025-02-07,2025-02-10,227.63,240.2874676505284,231.15247046931327,248.75498020643013,227.65,12.637467650528407,5.551270656698124,1,1,1,0
AAPL,2025-02-10,2025-02-11,227.65,239.3657880896162,230.9706140456096,247.62776639766065,232.62,6.745788089616184,2.899917500355168,1,1,1,1
AAPL,2025-02-11,2025-02-12,232.62,237.27481262025793,228.22196515586305,245.6766780771272,236.87,0.4048126202579283,0.1709007557904497,1,1,1,1
AAPL,2025-02-12,2025-02-13,236.87,237.5872362737775,229.41662037083168,245.6517322021587,241.53,3.942763726222495,1.6324115952714997,1,1,1,1
AAPL,2025-02-13,2025-02-14,241.53,237.64727660808413,229.23185086685618,245.64318501927283,244.6,6.9527233919158675,2.842487077527236,0,1,0,1
AAPL,2025-02-14,2025-02-18,244.6,237.1518933036077,229.4511027921191,245.536494568117,244.47,7.318106696392306,2.993457968704937,0,0,1,1
AAPL,2025-02-18,2025-02-19,244.47,236.60887184314015,228.0682102597951,244.5420655250609,244.87,8.261128156859854,3.373679158950662,0,1,0,0
AAPL,2025-02-19,2025-02-20,244.87,236.97678558066622,228.57400036066997,244.98275210059808,245.83,8.853214419333796,3.601356392211552,0,1,0,0
AAPL,2025-02-20,2025-02-21,245.83,237.58245477389517,229.20840916729236,245.58199237350783,245.55,7.967545226104846,3.244775086858224,0,0,1,1
AAPL,2025-02-21,2025-02-24,245.55,237.32315699032145,229.32425381019073,245.64694364955525,247.1,9.776843009678544,3.95663415996879,0,1,0,0
AAPL,2025-02-24,2025-02-25,247.1,238.11526983227955,229.20532683940522,246.33065340902317,247.04,8.92473016772044,3.6126660327716866,0,0,1,0
AAPL,2025-02-25,2025-02-26,247.04,237.45077737519372,229.32120638419448,245.75172607495844,240.36,2.90922262480629,1.2103605527896713,0,0,1,1
AAPL,2025-02-26,2025-02-27,240.36,238.05717278464925,229.86617806186513,246.28450024705245,237.3,0.7571727846492422,0.319078291031325,0,0,1,1
AAPL,2025-02-27,2025-02-28,237.3,237.61328713635598,229.5270750866003,245.41775929092256,241.84,4.226712863644025,1.7477310881033954,1,1,1,1
AAPL,2025-02-28,2025-03-03,241.84,236.68541190824848,228.61127137213066,244.4254793712257,238.03,1.3445880917515183,0.5648817761185692,0,0,1,1
AAPL,2025-03-03,2025-03-04,238.03,237.47906754285188,229.43905825651436,245.64817712296977,235.93,1.5490675428518728,0.656579300125552,0,0,1,1
AAPL,2025-03-04,2025-03-05,235.93,235.96889427689104,227.71912703574614,244.01977923587063,235.74,0.22889427689102604,0.09709607062073318,1,0,0,1
AAPL,2025-03-05,2025-03-06,235.74,236.1236248472102,228.2238230753723,243.93766756530587,235.33,0.7936248472101965,0.33723913108251075,1,0,0,1
AAPL,2025-03-06,2025-03-07,235.33,236.27285031081615,228.3210386583862,244.29227514580577,239.07,2.79714968918384,1.170012836853992,1,1,1,1
AAPL,2025-03-07,2025-03-10,239.07,236.1343413871103,228.08093468484478,243.82672213339737,227.48,8.654341387110321,3.8044405603700886,0,0,1,0
AAPL,2025-03-10,2025-03-11,227.48,235.84612637681934,227.74089077002196,243.68746102299286,220.84,15.006126376819338,6.795021905515231,1,0,0,0
AAPL,2025-03-11,2025-03-12,220.84,234.01393219732648,226.21621479623892,241.8996618648989,216.98,17.033932197326493,7.850461884294151,1,0,0,0
AAPL,2025-03-12,2025-03-13,216.98,232.71959364547305,223.57868270194535,240.58006108247477,209.68,23.039593645473047,10.987978655271961,1,0,0,0
AAPL,2025-03-13,2025-03-14,209.68,231.67334635578345,223.02715220444722,240.24508933699602,213.49,18.183346355783442,8.517188793354125,1,1,1,0
AAPL,2025-03-14,2025-03-17,213.49,230.01951290759493,221.6250389872652,239.09654814551104,214.0,16.01951290759493,7.4857536947880154,1,1,1,0
AAPL,2025-03-17,2025-03-18,214.0,229.23251934833579,220.25412302888964,237.53717047872146,212.69,16.542519348335787,7.777760753941422,1,0,0,0
AAPL,2025-03-18,2025-03-19,212.69,227.71741998294704,219.19365206584104,236.5302437820575,215.24,12.477419982947026,5.79698010702812,1,1,1,0
AAPL,2025-03-19,2025-03-20,215.24,226.55401935883094,217.5650348336409,235.07578106118154,214.1,12.454019358830948,5.816917028607779,1,0,0,0
AAPL,2025-03-20,2025-03-21,214.1,226.49382216204856,217.98595654083783,236.15525097712302,218.27,8.223822162048549,3.767729033615144,1,1,1,1
AAPL,2025-03-21,2025-03-24,218.27,225.00844128994012,215.91775022683592,233.795809051585,220.73,4.278441289940133,1.9383143613221139,1,1,1,1
AAPL,2025-03-24,2025-03-25,220.73,224.84043714966856,215.46004298749682,233.15474483518673,223.75,1.0904371496685599,0.48734621212059226,1,1,1,1
AAPL,2025-03-25,2025-03-26,223.75,224.0449799351564,215.42659416993723,233.28471637040218,221.53,2.51497993515639,1.1352773597448933,1,0,0,1
AAPL,2025-03-26,2025-03-27,221.53,223.45748670053982,214.82658559707136,231.99456203280738,223.85,0.39251329946017677,0.17534657111576596,1,1,1,1
AAPL,2025-03-27,2025-03-28,223.85,223.20871914868,215.05226735849502,231.14991475321705,217.9,5.308719148679984,2.436309843247523,0,0,1,1
AAPL,2025-03-28,2025-03-31,217.9,222.15773958135458,213.58927136212716,230.59260013587559,222.13,0.027739581354580878,0.01248799412656196,1,1,1,1
AAPL,2025-03-31,2025-04-01,222.13,222.59079426820026,214.32817247273593,231.66616777343626,223.19,0.5992057317997421,0.2684733777377547,1,1,1,1
AAPL,2025-04-01,2025-04-02,223.19,221.7115850120362,212.2810286669739,231.1289702482034,223.89,2.1784149879637766,0.9729844958981992,0,1,0,1
AAPL,2025-04-02,2025-04-03,223.89,221.9429091182397,212.706571280492,230.541397723192,203.19,18.7529091182397,9.229248052225392,0,0,1,0
AAPL,2025-04-03,2025-04-04,203.19,221.02503580830697,212.76864642675935,229.5157766720127,188.38,32.64503580830697,17.32935333186858,1,0,0,0
AAPL,2025-04-04,2025-04-07,188.38,218.40220476530195,209.10440976209773,227.4458933607016,181.46,36.94220476530194,20.35831850725565,1,0,0,0
AAPL,2025-04-07,2025-04-08,181.46,217.26543535825917,207.66286054882346,227.00484455683326,172.42,44.84543535825918,26.009416167299758,1,0,0,0
AAPL,2025-04-08,2025-04-09,172.42,213.59403431227022,203.25540347335638,223.91370231473147,198.85,14.74403431227023,7.414651401321984,1,1,1,0
AAPL,2025-04-09,2025-04-10,198.85,211.91140726868437,201.1006961338345,221.72721961788594,190.42,21.491407268684384,11.28631827935918,1,0,0,0
AAPL,2025-04-10,2025-04-11,190.42,210.5465652369361,199.93989008510744,221.0659007909407,198.15,12.396565236936084,6.256152024380755,1,1,1,0
AAPL,2025-04-11,2025-04-14,198.15,207.8707017232278,197.59418943774594,218.3669064179846,202.52,5.350701723227786,2.642060894214685,1,1,1,1
AAPL,2025-04-14,2025-04-15,202.52,207.28111128550646,197.33319155009337,217.1848390290354,202.14,5.141111285506469,2.5433418844623206,1,0,0,1
AAPL,2025-04-15,2025-04-16,202.14,206.28110920275245,195.5221066399969,217.37778580787176,194.27,12.011109202752436,6.182688630325921,1,0,0,0
AAPL,2025-04-16,2025-04-17,194.27,204.00609357726947,194.14895542113499,214.1868452104058,196.98,7.026093577269478,3.566907085446638,1,1,1,1
AAPL,2025-04-17,2025-04-21,196.98,203.1288995079872,192.94836483292133,213.61055214463445,193.16,9.968899507987203,5.16095439401072,1,0,0,1
AAPL,2025-04-21,2025-04-22,193.16,200.50135010978062,191.03442752583015,209.41869740296886,199.74,0.7613501097806079,0.38117057662085246,1,1,1,1
AAPL,2025-04-22,2025-04-23,199.74,199.79166896127182,189.1650719444096,210.0073607075097,204.6,4.80833103872817,2.350112922039667,1,1,1,1
AAPL,2025-04-23,2025-04-24,204.6,198.674901963239,188.8518685146846,208.83579488741825,208.37,9.69509803676101,4.652828159665848,0,1,0,1
AAPL,2025-04-24,2025-04-25,208.37,198.71370914417292,188.6466375063178,208.61441601996836,209.28,10.566290855827077,5.048877511144012,0,1,0,0
AAPL,2025-04-25,2025-04-28,209.28,197.13608366811079,186.10920490795846,206.98989964324994,210.14,13.0039163318892,6.188215633040059,0,1,0,0
AAPL,2025-04-28,2025-04-29,210.14,197.40698995867677,187.07924072182055,207.30495964561118,211.21,13.803010041323233,6.535206685606605,0,1,0,0
AAPL,2025-04-29,2025-04-30,211.21,197.59839796110012,187.0441198536665,207.440504223095,212.5,14.901602038899881,7.0125186062111196,0,1,0,0
AAPL,2025-04-30,2025-05-01,212.5,197.70535387590584,187.74183641969836,207.6041396067535,213.32,15.61464612409415,7.319822859254719,0,1,0,0
AAPL,2025-05-01,2025-05-02,213.32,197.49060818683364,187.01560890622764,208.027285042652,205.35,7.859391813166354,3.827315224145908,0,0,1,1
AAPL,2025-05-02,2025-05-05,205.35,196.54733362640502,186.75368888599016,206.88303837405,198.89,2.342666373594966,1.1778703672769766,0,0,1,1
AAPL,2025-05-05,2025-05-06,198.89,196.9097731109181,187.74072291910244,206.94475834890983,198.51,1.6002268890818812,0.8061190312836981,0,0,1,1
AAPL,2025-05-06,2025-05-07,198.51,196.02333630703728,185.19183916803414,206.07550554192022,196.25,0.22666369296271682,0.11549742315983035,0,0,1,1
AAPL,2025-05-07,2025-05-08,196.25,194.96447574007618,185.25315998865807,205.02502675919814,197.49,2.5255242599238272,1.2788112105908886,0,1,0,1
AAPL,2025-05-08,2025-05-09,197.49,195.0766388546383,184.3424585157068,205.84165760481045,198.53,3.453361145361697,1.7394656450852517,0,1,0,1
AAPL,2025-05-09,2025-05-12,198.53,193.2330785188518,183.39993325595017,204.68074816202662,210.79,17.55692148114818,8.329105498512867,0,1,0,0
AAPL,2025-05-12,2025-05-13,210.79,194.33225917617065,184.14260463370795,204.44996564885335,212.93,18.597740823829355,8.734204115416302,0,1,0,0
AAPL,2025-05-13,2025-05-14,212.93,194.99010560654983,184.49117952838589,206.004975778063,212.33,17.33989439345018,8.166483489207145,0,0,1,0
AAPL,2025-05-14,2025-05-15,212.33,195.61598237990495,184.81031430066218,206.31061198986865,211.45,15.83401762009504,7.4883034378558575,0,0,1,0
AAPL,2025-05-15,2025-05-16,211.45,196.21870951892603,184.5882986909793,206.70119463727175,211.26,15.041290481073958,7.119800473521716,0,0,1,0
AAPL,2025-05-16,2025-05-19,211.26,195.47225845286147,183.43632436443733,206.1299945742386,208.78,13.307741547138534,6.374049979165211,0,0,1,0
AAPL,2025-05-19,2025-05-20,208.78,196.20588359158177,184.21142861456786,207.25510942052588,206.86,10.654116408418247,5.150399501065071,0,0,1,1
AAPL,2025-05-20,2025-05-21,206.86,196.69808948899828,185.61281766239026,207.73767168541428,202.09,5.391910511001726,2.668073883287109,0,0,1,1
AAPL,2025-05-21,2025-05-22,202.09,195.78660463719285,185.19772433924095,206.44881584620947,201.36,5.573395362807162,2.7678761236245397,0,0,1,1
AAPL,2025-05-22,2025-05-23,201.36,196.827702384921,185.4033714414936,208.12225234831817,195.27,1.5577023849209866,0.797717204302358,0,0,1,1
AAPL,2025-05-23,2025-05-27,195.27,195.54528383019124,184.18562897323335,206.6063704377429,200.21,4.66471616980877,2.3299116775264865,1,1,1,1
AAPL,2025-05-27,2025-05-28,200.21,195.5094063476045,184.04392533804352,207.2638837552217,200.42,4.910593652395477,2.4501515079086227,0,1,0,1
AAPL,2025-05-28,2025-05-29,200.42,194.6606804519733,183.0471115821013,206.31418505205735,199.95,5.289319548026697,2.6453211041571216,0,0,1,1
AAPL,2025-05-29,2025-05-30,199.95,194.5221589296501,183.40031515280955,205.5777326568273,200.85,6.327841070349905,3.150530779205801,0,1,0,1
AAPL,2025-05-30,2025-06-02,200.85,193.51792265296783,181.78844876825525,204.3303068711263,201.7,8.182077347032163,4.056557930900598,0,1,0,1
AAPL,2025-06-02,2025-06-03,201.7,194.3619659885581,183.02403580357972,205.4468447776019,203.27,8.908034011441913,4.3823653323184315,0,1,0,1
AAPL,2025-06-03,2025-06-04,203.27,194.3664438391027,182.74322318263265,205.31902302137559,202.82,8.453556160897307,4.168009151208217,0,0,1,1
AAPL,2025-06-04,2025-06-05,202.82,193.97670069875608,182.64141599674264,205.2072754665863,200.63,6.653299301243919,3.3162036090875238,0,0,1,1
AAPL,2025-06-05,2025-06-06,200.63,194.3745110552069,182.79319330179868,205.25888585935914,203.92,9.545488944793078,4.680996932289613,0,1,0,1
AAPL,2025-06-06,2025-06-09,203.92,193.11300360884806,181.4873792899122,205.38828464733788,201.45,8.336996391151928,4.138494113049431,0,0,1,1
AAPL,2025-06-09,2025-06-10,201.45,193.91739721077727,182.54937100283604,205.32248598736635,202.67,8.75260278922272,4.318647450925572,0,1,0,1
AAPL,2025-06-10,2025-06-11,202.67,193.92488335987528,182.87769863420363,205.4727880794002,198.78,4.85511664012472,2.4424573095283604,0,0,1,1
AAPL,2025-06-11,2025-06-12,198.78,194.34290488803455,182.63510198585902,205.82936737939954,199.2,4.857095111965435,2.4383007588963883,0,1,0,1
AAPL,2025-06-12,2025-06-13,199.2,194.75212176827233,183.7519927776911,205.083495500701,196.45,1.6978782317276568,0.8642800873714577,0,0,1,1
AAPL,2025-06-13,2025-06-16,196.45,194.14476393256967,183.42750560470543,205.53511183738956,198.42,4.275236067430313,2.1546396871357976,0,1,0,1
AAPL,2025-06-16,2025-06-17,198.42,194.91471221215798,183.74601211672427,205.2662062388045,195.64,0.7252877878420065,0.37072571447808933,0,0,1,1
AAPL,2025-06-17,2025-06-18,195.64,195.23673710532142,184.48380891699105,205.84718037859489,196.58,1.3432628946785883,0.6833161535304998,0,1,0,1
AAPL,2025-06-18,2025-06-20,196.58,194.64706644732007,184.84649089647124,206.30559990441054,201.0,6.352933552679929,3.160663458887494,0,1,0,1
AAPL,2025-06-20,2025-06-23,201.0,195.14461225035518,184.4773913994048,205.39293288119998,201.5,6.3553877496448195,3.1540385852751442,0,1,0,1
AAPL,2025-06-23,2025-06-24,201.5,196.08446299963134,185.501428224366,205.71855904099132,200.3,4.21553700036867,2.1046115827050467,0,0,1,1
AAPL,2025-06-24,2025-06-25,200.3,196.63121078873127,186.7554799535228,206.7622066400212,201.56,4.928789211268736,2.4453211009248874,0,1,0,1
AAPL,2025-06-25,2025-06-26,201.56,197.59172331482583,187.79287234342792,207.20192398715076,201.0,3.4082766851741724,1.6956600422908488,0,0,1,1
AAPL,2025-06-26,2025-06-27,201.0,198.4033435232141,188.45267112724682,208.50377297297405,201.08,2.6766564767859222,1.3311400818842292,0,1,0,1
AAPL,2025-06-27,2025-06-30,201.08,197.03587479585408,187.01086114874835,207.10569209180025,205.17,8.134125204145903,3.9645782540086003,0,1,0,1
AAPL,2025-06-30,2025-07-01,205.17,197.933914328596,187.92452326305323,207.5962888993546,207.82,9.886085671404004,4.757042474703253,0,1,0,0
AAPL,2025-07-01,2025-07-02,207.82,198.29402775505855,187.9330595149896,207.91172731834595,212.44,14.145972244941447,6.658808249047056,0,1,0,0
AAPL,2025-07-02,2025-07-03,212.44,199.02206655470752,188.84117939127236,208.87939877868914,213.55,14.52793344529249,6.80305944491322,0,1,0,0
AAPL,2025-07-03,2025-07-07,213.55,199.90079253935122,190.2683251300533,208.80331514619039,209.95,10.049207460648773,4.786476523062694,0,0,1,0
AAPL,2025-07-07,2025-07-08,209.95,201.04233244451504,191.29483034434523,210.43947217018447,210.01,8.967667555484951,4.270114544573087,0,1,0,1
AAPL,2025-07-08,2025-07-09,210.01,201.18196761449332,191.5566859246865,209.82357348827327,211.14,9.95803238550667,4.716317317909936,0,1,0,0
AAPL,2025-07-09,2025-07-10,211.14,202.19954714404952,192.42912996156502,212.29688682086842,212.41,10.210452855950479,4.80695487758099,0,1,0,0
AAPL,2025-07-10,2025-07-11,212.41,202.5347607057689,192.70000703459223,212.5423716922478,211.16,8.625239294231108,4.084693736419132,0,0,1,1
AAPL,2025-07-11,2025-07-14,211.16,203.058815059271,193.72744785305224,212.93127959877052,208.62,5.561184940728992,2.6657007671663417,0,0,1,1
AAPL,2025-07-14,2025-07-15,208.62,203.66368857340845,194.02930879117207,213.82235829072874,209.11,5.4463114265915635,2.6045198346951897,0,1,0,1
AAPL,2025-07-15,2025-07-16,209.11,203.68015402485497,193.63691467263212,214.06232742415207,210.16,6.479845975145025,3.0832917657197827,0,1,0,1
AAPL,2025-07-16,2025-07-17,210.16,204.22058655213428,193.93275377948933,215.00862713541187,210.02,5.7994134478657315,2.7613624643317753,0,0,1,1
AAPL,2025-07-17,2025-07-18,210.02,204.64416131210646,194.7588147690145,214.79331623211877,211.18,6.535838687893545,3.094913669658137,0,1,0,1
AAPL,2025-07-18,2025-07-21,211.18,205.2615356989639,196.09213564729234,214.99362384987148,212.48,7.218464301036079,3.3972441174211006,0,1,0,1
AAPL,2025-07-21,2025-07-22,212.48,206.2284523372477,196.00093361437078,215.46742201732985,214.4,8.171547662752317,3.811356185807454,0,1,0,1
AAPL,2025-07-22,2025-07-23,214.4,206.72210032762752,196.87000260857965,216.69491246561572,214.15,7.42789967237249,3.468549928566722,0,0,1,1
AAPL,2025-07-23,2025-07-24,214.15,207.3004582510041,197.84438836966618,217.39505649119178,213.76,6.459541748995889,3.0218664617766198,0,0,1,1
AAPL,2025-07-24,2025-07-25,213.76,207.41418385570782,197.2339900251653,216.21938528509077,213.88,6.465816144292177,3.0231046119271863,0,1,0,1
AAPL,2025-07-25,2025-07-28,213.88,207.60520234384813,198.02797443094664,217.44356347473274,214.05,6.444797656151877,3.010884212030268,0,1,0,1
AAPL,2025-07-28,2025-07-29,214.05,208.71438411438754,199.46276688599488,218.28789330813152,211.27,2.555615885612468,1.2096444764952448,0,0,1,1
AAPL,2025-07-29,2025-07-30,211.27,208.43787818340306,198.34730297958944,218.5140378897222,209.05,0.6121218165969537,0.29281120141959943,0,0,1,1
AAPL,2025-07-30,2025-07-31,209.05,209.05019559807556,199.27898331942433,218.06894831998136,207.57,1.4801955980755679,0.7131067100275845,1,0,0,1
AAPL,2025-07-31,2025-08-01,207.57,208.88051993059125,199.1457103950734,218.74290672345614,202.38,6.500519930591253,3.21203672807098,1,0,0,1
AAPL,2025-08-01,2025-08-04,202.38,208.93543241359512,199.93849380902816,218.39997164661307,203.35,5.585432413595129,2.746708833695824,1,1,1,1
AAPL,2025-08-04,2025-08-05,203.35,209.00989588169978,199.69988964690086,217.90539645790966,202.92,6.089895881699789,3.001131421939521,1,0,0,1
AAPL,2025-08-05,2025-08-06,202.92,208.63886606163135,199.41606028438255,218.95401707385344,213.25,4.611133938368653,2.162313687293046,1,1,1,1
AAPL,2025-08-06,2025-08-07,213.25,209.33435504595786,199.080629023986,219.01976675340651,220.03,10.695644954042137,4.860993934261709,0,1,0,0
AAPL,2025-08-07,2025-08-08,220.03,209.3355053783767,200.00623205113868,219.42058586090045,229.35,20.0144946216233,8.726616359603504,0,1,0,0
AAPL,2025-08-08,2025-08-11,229.35,211.23133472543938,201.74208905912906,220.50731176361788,227.18,15.948665274560625,7.020276993511135,0,0,1,0
AAPL,2025-08-11,2025-08-12,227.18,212.48607514337237,203.29687649453084,222.23013162698172,229.65,17.16392485662763,7.473949425595573,0,1,0,0
AAPL,2025-08-12,2025-08-13,229.65,213.6413298996896,203.27314301458762,222.9309177520459,233.33,19.688670100310418,8.4381220158002,0,1,0,0
AAPL,2025-08-13,2025-08-14,233.33,215.4519699887531,205.85947673647556,225.19511881345406,232.78,17.32803001124691,7.4439513749044215,0,0,1,0
AAPL,2025-08-14,2025-08-15,232.78,216.59769636411502,206.3508996783427,227.61434561386187,231.59,14.99230363588498,6.473640327836961,0,0,1,0
AAPL,2025-08-15,2025-08-18,231.59,218.0767069871313,207.86775265955373,228.24785551456486,230.89,12.813293012868684,5.54952272177822,0,0,1,0
AAPL,2025-08-18,2025-08-19,230.89,219.69499676730914,209.54400078977622,229.69616616815105,230.56,10.865003232690867,4.712440680178532,0,0,1,0
AAPL,2025-08-19,2025-08-20,230.56,221.20472480305884,210.6521505042132,230.55572323860181,226.01,4.805275196941153,2.126133886433583,0,0,1,1
AAPL,2025-08-20,2025-08-21,226.01,221.59660259812162,212.124750968874,231.1444223342376,224.9,3.303397401878385,1.4688294360744785,0,0,1,1
AAPL,2025-08-21,2025-08-22,224.9,222.22588939011612,212.2607888661731,231.68681152386972,227.76,5.534110609883868,2.4297991788026376,0,1,0,1
AAPL,2025-08-22,2025-08-25,227.76,223.53617429007554,213.73085471180684,233.5743436637922,227.16,3.6238257099244606,1.5952745684825378,0,0,1,1
AAPL,2025-08-25,2025-08-26,227.16,224.37872529487538,215.12250116466956,234.9348214261427,229.31,4.931274705124622,2.150483932192043,0,1,0,1
AAPL,2025-08-26,2025-08-27,229.31,224.98361893668817,215.4681823558606,234.79596568262724,230.49,5.506381063311835,2.3889891375213397,0,1,0,1
AAPL,2025-08-27,2025-08-28,230.49,226.06009336579928,216.41159123692466,235.7244040715636,232.56,6.499906634200727,2.7949374930861857,0,1,0,1
AAPL,2025-08-28,2025-08-29,232.56,226.77116822811223,216.66576743613376,236.58210116531907,232.14,5.368831771887756,2.3127559970950635,0,0,1,1
AAPL,2025-08-29,2025-09-02,232.14,227.7009336585225,217.07175761895195,236.91028908582308,229.72,2.0190663414774974,0.8789249266017781,0,0,1,1
AAPL,2025-09-02,2025-09-03,229.72,229.2231035562387,219.12909633468138,238.9427774547192,238.47,9.246896443761301,3.8775931745601295,0,1,0,1
AAPL,2025-09-03,2025-09-04,238.47,230.29271004586144,221.02088135732816,239.90831146535325,239.78,9.48728995413856,3.9566644231140606,0,1,0,1
AAPL,2025-09-04,2025-09-05,239.78,231.2511351601006,221.5653211875945,241.10144048512709,239.69,8.438864839899395,3.520741307333356,0,0,1,1
AAPL,2025-09-05,2025-09-08,239.69,232.77548643559825,222.6053678759729,243.19914188615044,237.88,5.104513564401742,2.1458355322797873,0,0,1,1
AAPL,2025-09-08,2025-09-09,237.88,233.82924545851574,223.88562831448627,243.81098966389536,234.35,0.5207545414842514,0.22221230700321318,0,0,1,1
AAPL,2025-09-09,2025-09-10,234.35,234.33689922972977,224.0509714176304,244.4709519099501,226.79,7.546899229729775,3.3277037036011308,0,0,1,1
AAPL,2025-09-10,2025-09-11,226.79,234.69184006798682,224.34153274105864,243.7046949787389,230.03,4.661840067986816,2.026622643909122,1,1,1,1
AAPL,2025-09-11,2025-09-12,230.03,234.74364468687244,224.1301744387366,244.19128548868702,234.07,0.6736446868724499,0.28779625190911706,1,1,1,1
AAPL,2025-09-12,2025-09-15,234.07,235.36193289009688,226.28095904029914,245.64513012264982,236.7,1.3380671099031076,0.5653008491113551,1,1,1,1
AAPL,2025-09-15,2025-09-16,236.7,236.05916137914994,226.1513272482271,245.6372108262025,238.15,2.0908386208500644,0.877950292152958,0,1,0,1
AAPL,2025-09-16,2025-09-17,238.15,236.86285966662095,227.22176598736752,246.33716029057612,238.99,2.12714033337906,0.8900541166115966,0,1,0,1
AAPL,2025-09-17,2025-09-18,238.99,237.765392274276,227.32383138019492,247.5445687616737,237.88,0.11460772572399947,0.04817879843584227,0,0,1,1
AAPL,2025-09-18,2025-09-19,237.88,237.53400508740899,227.2982999016177,247.2945567544572,245.5,7.9659949125910146,3.244804444915085,0,1,0,1
AAPL,2025-09-19,2025-09-22,245.5,239.28372881594896,228.5204018096345,248.98508101949693,256.08,16.796271184051022,6.558993745468261,0,1,0,0
AAPL,2025-09-22,2025-09-23,256.08,241.2056881745406,230.92739761312188,251.69395555226336,254.43,13.22431182545941,5.197622853020338,0,0,1,0
AAPL,2025-09-23,2025-09-24,254.43,242.33038623994736,232.79503085985075,252.21836104158493,252.31,9.979613760052644,3.9552985453042337,0,0,1,0
AAPL,2025-09-24,2025-09-25,252.31,243.61738732205268,234.5117522883718,253.03330425586228,256.87,13.252612677947326,5.159268376000077,0,1,0,0
AAPL,2025-09-25,2025-09-26,256.87,244.68855939279385,234.5667847747864,254.64624436546345,255.46,10.77144060720616,4.216488141699096,0,0,1,0
AAPL,2025-09-26,2025-09-29,255.46,247.27053763725087,237.41807204213575,256.7623323716815,254.43,7.159462362749139,2.8139222428439044,0,0,1,1
AAPL,2025-09-29,2025-09-30,254.43,248.14601984417854,238.19782274611674,257.9879617190346,254.63,6.483980155821456,2.546432139012219,0,1,0,1
AAPL,2025-09-30,2025-10-01,254.63,249.33104446066454,239.8814503981805,259.76115541054656,255.45,6.118955539335445,2.3953632957901387,0,1,0,1
AAPL,2025-10-01,2025-10-02,255.45,250.24813684256054,240.29282491161487,260.5922186339929,257.13,6.881863157439454,2.6764139373747957,0,1,0,1
AAPL,2025-10-02,2025-10-03,257.13,251.41194160849378,241.18388517766937,261.06953894324045,258.02,6.608058391506205,2.561064410220176,0,1,0,1
AAPL,2025-10-03,2025-10-06,258.02,253.28644025580337,243.01183249968804,263.17971449289524,256.69,3.4035597441966274,1.3259416977926812,0,0,1,1
AAPL,2025-10-06,2025-10-07,256.69,254.58149682066843,244.81672364884793,264.7674250121726,256.48,1.898503179331584,0.740214901457253,0,0,1,1
AAPL,2025-10-07,2025-10-08,256.48,254.95297020522025,245.54900862556215,264.08811855997664,258.06,3.1070297947797485,1.2039951153450161,0,1,0,1
AAPL,2025-10-08,2025-10-09,258.06,255.85970565922412,245.8108109666497,266.21343481019636,254.04,1.8197056592241267,0.7163067466353709,0,0,1,1
AAPL,2025-10-09,2025-10-10,254.04,256.1953269725118,246.41011019397382,266.53230524108864,245.27,10.925326972511783,4.4544081918156895,1,0,0,0
AAPL,2025-10-10,2025-10-13,245.27,257.55670037861614,247.6689719449097,266.9137817899581,247.66,9.896700378616146,3.996083492779026,1,1,1,0
AAPL,2025-10-13,2025-10-14,247.66,257.7101432818175,247.5764834409956,268.037451708289,247.77,9.940143281817512,4.011842951695656,1,1,1,1
AAPL,2025-10-14,2025-10-15,247.77,257.57419146522574,247.63807170340408,267.0206261135468,249.34,8.234191465225734,3.3023949085166824,1,1,1,1
AAPL,2025-10-15,2025-10-16,249.34,257.4427268273285,247.01150967841593,266.9474507376343,247.45,9.99272682732851,4.03828119899967,1,0,0,1
AAPL,2025-10-16,2025-10-17,247.45,256.85695141183527,246.38204360698052,266.51529887664935,252.29,4.5669514118352765,1.8101991405344076,1,1,1,1
AAPL,2025-10-17,2025-10-20,252.29,258.25116842564034,248.38122597882693,267.99843919532924,262.24,3.988831574359665,1.5210614605733521,1,1,1,1
AAPL,2025-10-20,2025-10-21,262.24,259.1924702439284,249.56688179880427,269.1380585877138,262.77,3.5775297560715558,1.36146811125144,0,1,0,1
AAPL,2025-10-21,2025-10-22,262.77,259.9933179292543,249.8630601936088,270.43318693831947,258.45,1.5433179292543286,0.5971437141399165,0,0,1,1
AAPL,2025-10-22,2025-10-23,258.45,260.5727430787186,250.37376694031235,270.1732875775447,259.58,0.992743078718604,0.38244205203804604,1,1,1,1
AAPL,2025-10-23,2025-10-24,259.58,260.8777241362692,251.33370653945366,270.9628759299732,262.82,1.9422758637307993,0.7390137218084232,1,1,1,1
AAPL,2025-10-24,2025-10-27,262.82,262.5486781250373,253.07244446410678,272.14271720810495,268.81,6.261321874962675,2.3292741619470063,0,1,0,1
AAPL,2025-10-27,2025-10-28,268.81,263.6136600767723,253.2058445809604,273.62510648771945,269.0,5.386339923227695,2.0023568487090926,0,1,0,1
AAPL,2025-10-28,2025-10-29,269.0,264.21763534825425,254.82487177699127,274.453693697326,269.7,5.4823646517457405,2.032764053223012,0,1,0,1
AAPL,2025-10-29,2025-10-30,269.7,264.959521973631,256.07482186243243,274.7565943824223,271.4,6.4404780263689645,2.3730574893631755,0,1,0,1
AAPL,2025-10-30,2025-10-31,271.4,265.6988548225439,255.88068605406696,275.0213696036404,270.37,4.671145177456083,1.7276861993872523,0,0,1,1
AAPL,2025-10-31,2025-11-03,270.37,268.0206766264439,258.2227457180413,277.75244086324994,269.05,1.0293233735561103,0.38257698328111966,0,0,1,1
AAPL,2025-11-03,2025-11-04,269.05,268.5754822727523,258.7696425034188,278.4580437379542,270.04,1.46451772724771,0.5423336273120561,0,1,0,1
AAPL,2025-11-04,2025-11-05,270.04,269.3118012540989,258.8783099851052,278.7138532437664,270.14,0.8281987459010907,0.3065813081625944,0,1,0,1
AAPL,2025-11-05,2025-11-06,270.14,269.96111990924953,260.69153103957666,279.6477674134119,269.77,0.1911199092495508,0.07084550144288329,0,0,1,1
AAPL,2025-11-06,2025-11-07,269.77,270.11292258221323,260.6232658886648,279.7195614048376,268.47,1.6429225822132025,0.6119576050031685,1,0,0,1
AAPL,2025-11-07,2025-11-10,268.47,271.83677747420296,262.29936695285477,281.08068605905333,269.43,2.406777474202954,0.8932848881392664,1,1,1,1
AAPL,2025-11-10,2025-11-11,269.43,272.1774608190082,262.9435301577799,281.66243622846844,275.25,3.0725391809917824,1.1162721819728085,1,1,1,1
AAPL,2025-11-11,2025-11-12,275.25,273.12513651365805,263.41854272296825,283.27569744323944,273.47,0.3448634863419784,0.12610651491182495,0,0,1,1
AAPL,2025-11-12,2025-11-13,273.47,273.48075123726954,262.91095853545886,283.73323698876675,272.95,0.5307512372695555,0.19444998616966863,1,0,0,1
AAPL,2025-11-13,2025-11-14,272.95,273.6522935693211,263.99629647571277,282.58169447693905,272.41,1.2422935693210775,0.4560381664679981,1,0,0,1
AAPL,2025-11-14,2025-11-17,272.41,275.63113556472075,265.35983451012646,285.38997188077525,267.46,8.171135564720771,3.055086952970636,1,0,0,1
AAPL,2025-11-17,2025-11-18,267.46,276.12237239114904,266.4727537396775,285.7555529019365,267.44,8.682372391149045,3.246474869437779,1,0,0,1
AAPL,2025-11-18,2025-11-19,267.44,276.0697466892993,266.69857106641604,286.349901343171,268.56,7.509746689299277,2.7963012693698417,1,1,1,1
AAPL,2025-11-19,2025-11-20,268.56,276.2024813330475,266.1191098580723,285.67914881080094,266.25,9.952481333047501,3.7380211578117177,1,0,0,1
AAPL,2025-11-20,2025-11-21,266.25,276.01377613470834,266.12591000284726,285.12294699546715,271.49,4.523776134708328,1.6662772605037754,1,1,1,1
AAPL,2025-11-21,2025-11-24,271.49,277.56216939363696,267.6700295998194,287.6750254356427,275.92,1.642169393636948,0.5951614212733516,1,1,1,1
AAPL,2025-11-24,2025-11-25,275.92,278.1504964415522,268.91566999996917,288.7505539554117,276.97,1.1804964415521795,0.42621816135666585,1,1,1,1
AAPL,2025-11-25,2025-11-26,276.97,278.68974542830466,268.3594788829705,288.3274366744136,277.55,1.13974542830465,0.4106450831430681,1,1,1,1
AAPL,2025-11-26,2025-11-28,277.55,279.10001750286864,268.98029265053435,288.91197027685155,278.85,0.2500175028686158,0.08966021260880393,1,1,1,1
AAPL,2025-11-28,2025-12-01,278.85,281.0433782979342,271.82653970097823,290.9875296650974,283.1,2.0566217020657973,0.7264647481431121,1,1,1,1
AAPL,2025-12-01,2025-12-02,283.1,281.9083918489813,272.7522843556706,292.08296654405143,286.19,4.281608151018702,1.496071893102168,0,1,0,1
AAPL,2025-12-02,2025-12-03,286.19,282.4350696613329,272.6054907367141,291.7571647664267,284.15,1.7149303386671022,0.6035299449610239,0,0,1,1
AAPL,2025-12-03,2025-12-04,284.15,282.82197950414974,273.768104783494,293.06313256062117,280.7,2.121979504149749,0.7559599230759363,0,0,1,1
AAPL,2025-12-04,2025-12-05,280.7,283.12572557750474,273.9212993258964,292.8905778376413,278.78,4.345725577504766,1.558836924223001,1,0,0,1
AAPL,2025-12-05,2025-12-08,278.78,284.89286667933055,275.021256320328,294.39078094843586,277.89,7.002866679330566,2.52001391884507,1,0,0,1
AAPL,2025-12-08,2025-12-09,277.89,285.2910144473372,275.77295144605205,295.1848483324201,277.18,8.111014447337197,2.926262517874511,1,0,0,1
AAPL,2025-12-09,2025-12-10,277.18,285.5010172235266,274.93437448794106,295.0862728632193,278.78,6.721017223526644,2.4108677893986505,1,1,1,1
AAPL,2025-12-10,2025-12-11,278.78,285.5785601741283,275.75473327173717,295.8574512011053,278.03,7.54856017412834,2.715016427672136,1,0,0,1
AAPL,2025-12-11,2025-12-12,278.03,285.62953236418537,275.9031054093849,295.29557685823,278.28,7.349532364185393,2.641056620641544,1,1,1,1
AAPL,2025-12-12,2025-12-15,278.28,286.8569885061937,276.76597456822765,296.1812410567098,274.11,12.746988506193702,4.650318669778071,1,0,0,0
AAPL,2025-12-15,2025-12-16,274.11,286.90914694941097,277.1159611400848,296.29734232936465,274.61,12.299146949410954,4.478768780802985,1,1,1,0
AAPL,2025-12-16,2025-12-17,274.61,286.7600916485955,277.08995718740937,297.0485716820563,271.84,14.92009164859553,5.488556374355015,1,0,0,0
AAPL,2025-12-17,2025-12-18,271.84,285.8262095832145,275.74821453900057,294.8503455016889,272.19,13.636209583214509,5.00981284496621,1,1,1,0
AAPL,2025-12-18,2025-12-19,272.19,285.5384838471965,275.10706914298265,295.49209485131524,273.67,11.8684838471965,4.336786584851398,1,1,1,0
AAPL,2025-12-19,2025-12-22,273.67,286.363134430203,276.50359243857093,296.63692050488316,270.97,15.393134430202963,5.680752271334423,1,0,0,0
AAPL,2025-12-22,2025-12-23,270.97,285.73840680926907,275.6014380325493,296.4387669781889,272.36,13.378406809269052,4.912030697891705,1,1,1,0
AAPL,2025-12-23,2025-12-24,272.36,285.6832345927904,276.0091331084083,295.4433652310213,273.81,11.873234592790425,4.336304222766442,1,1,1,0
AAPL,2025-12-24,2025-12-26,273.81,284.9170832933109,275.04623769609543,294.98071831791935,273.4,11.517083293310918,4.212539609688978,1,0,0,0
AAPL,2025-12-26,2025-12-29,273.4,285.334488654088,274.67346761863405,295.1532344800301,273.76,11.574488654087986,4.2279692627356775,1,1,1,0
AAPL,2025-12-29,2025-12-30,273.76,285.1815521415838,275.8520895345994,295.2313840850935,273.08,12.101552141583795,4.431504372762796,1,0,0,0
AAPL,2025-12-30,2025-12-31,273.08,284.6103800847234,274.4525087969387,294.3100362379082,271.86,12.75038008472336,4.690053735104228,1,0,0,0
AAPL,2025-12-31,2026-01-02,271.86,283.75775005460116,274.5334853882234,292.48898684045673,271.01,12.74775005460117,4.703793237936161,1,0,0,0
AAPL,2026-01-02,2026-01-05,271.01,283.6479021576958,273.95734611370017,293.2232113240806,267.26,16.387902157695805,6.131820009385102,1,0,0,0
AAPL,2026-01-05,2026-01-06,267.26,282.7548369331289,272.98732474987645,291.68130309799636,262.36,20.394836933128886,7.7736076125749065,1,0,0,0
AAPL,2026-01-06,2026-01-07,262.36,281.6929452095419,272.04892025831316,291.8344564342671,260.33,21.36294520954192,8.206101950878235,1,0,0,0
AAPL,2026-01-07,2026-01-08,260.33,280.1055672861841,270.93965492513644,289.82315729868304,259.04,21.06556728618409,8.132167729065346,1,0,0,0
AAPL,2026-01-08,2026-01-09,259.04,278.04620630706194,268.39405542995087,287.75145951343546,259.37,18.676206307061932,7.200603888785083,1,1,1,0
AAPL,2026-01-09,2026-01-12,259.37,276.77675240856615,266.55096377170577,286.7596582770663,260.25,16.526752408566153,6.350337140415416,1,1,1,0
AAPL,2026-01-12,2026-01-13,260.25,275.4285987510682,265.70660650892495,285.06883435239865,261.05,14.378598751068182,5.507986497037879,1,1,1,0
AAPL,2026-01-13,2026-01-14,261.05,275.0898630416001,266.0037282012695,284.90750842433044,259.96,15.129863041600117,5.8200734886206,1,0,0,0
AAPL,2026-01-14,2026-01-15,259.96,272.9567147600373,262.93553811514283,282.5428417492223,258.21,14.746714760037321,5.71113231844863,1,0,0,0
AAPL,2026-01-15,2026-01-16,258.21,271.97692148026715,262.221394420635,281.7533768028635,255.53,16.44692148026715,6.4363955228832275,1,0,0,0
AAPL,2026-01-16,2026-01-20,255.53,270.54735454805035,261.54690912511205,279.8084413284526,246.7,23.84735454805036,9.666540148797612,1,0,0,0
AAPL,2026-01-20,2026-01-21,246.7,269.3743334863141,259.02925338992475,278.7405974805542,247.65,21.724333486314066,8.77219199896501,1,1,1,0
AAPL,2026-01-21,2026-01-22,247.65,267.13550514657965,256.65019707362677,277.49628922320807,248.35,18.785505146579652,7.564125285211692,1,1,1,0
AAPL,2026-01-22,2026-01-23,248.35,265.78580278269857,256.3122909310063,275.60625972230514,248.04,17.745802782698576,7.154411700525373,1,0,0,0
AAPL,2026-01-23,2026-01-26,248.04,264.055654915348,253.31179635129382,275.0190024576284,255.41,8.64565491534799,3.3850103421986173,1,1,1,1
AAPL,2026-01-26,2026-01-27,255.41,262.21030201036604,252.1869100554918,271.8411561688094,258.27,3.9403020103660538,1.5256522283708864,1,1,1,1
AAPL,2026-01-27,2026-01-28,258.27,261.6697244016533,251.44872907002,271.17758299474997,256.44,5.2297244016533,2.039355951274904,1,0,0,1
AAPL,2026-01-28,2026-01-29,256.44,260.59947495959096,251.0960582460141,270.5195758034869,258.28,2.319474959590991,0.8980466778307211,1,1,1,1
AAPL,2026-01-29,2026-01-30,258.28,260.4262680122349,251.1340639464744,270.19934108731974,259.48,0.9462680122348957,0.3646785926462262,1,1,1,1
AAPL,2026-01-30,2026-02-02,259.48,259.73924050127846,250.04262304258026,269.33010461257476,270.01,10.270759498721532,3.803844116270193,1,1,1,0
AAPL,2026-02-02,2026-02-03,270.01,259.1283518060375,249.68967869000173,269.2539837667921,269.48,10.351648193962546,3.841341915384597,0,0,1,0
AAPL,2026-02-03,2026-02-04,269.48,259.56282052405203,250.36311561922676,268.6508033866059,276.49,16.92717947594798,6.1221669772273,0,1,0,0
AAPL,2026-02-04,2026-02-05,276.49,259.5532347401157,249.86208658062858,269.31365182837953,275.91,16.3567652598843,5.928297364826019,0,0,1,0
AAPL,2026-02-05,2026-02-06,275.91,259.92866934665324,250.2291105422618,268.957196151682,278.12,18.191330653346768,6.540820743812989,0,1,0,0
AAPL,2026-02-06,2026-02-09,278.12,260.8099525616612,250.9557744412578,270.43076031870174,274.62,13.810047438338813,5.028784297515088,0,0,1,0
AAPL,2026-02-09,2026-02-10,274.62,260.8193569557392,251.1259081155323,270.9451956264941,273.68,12.860643044260826,4.699153406822168,0,0,1,0
AAPL,2026-02-10,2026-02-11,273.68,261.558014993106,251.87340955901539,271.07649186220993,275.5,13.941985006894015,5.060611617563685,0,1,0,0
AAPL,2026-02-11,2026-02-12,275.5,261.68852197599534,252.0818766639101,271.6439603790102,261.73,0.04147802400467526,0.0158476384071717,0,0,1,1
AAPL,2026-02-12,2026-02-13,261.73,261.31622870982903,251.78758813332644,270.085639764723,255.78,5.536228709829032,2.1644494134070635,0,0,1,1
AAPL,2026-02-13,2026-02-17,255.78,260.7724856767345,251.23250574716744,269.72255851208524,263.88,3.107514323265491,1.177624042423726,1,1,1,1
AAPL,2026-02-17,2026-02-18,263.88,260.60770943106945,251.39607227524607,270.2020006238488,264.35,3.7422905689305708,1.415657487720448,0,1,0,1
AAPL,2026-02-18,2026-02-19,264.35,259.7109768317214,250.67273854654385,268.6164498949932,260.58,0.869023168278602,0.3334957280855217,0,0,1,1
AAPL,2026-02-19,2026-02-20,260.58,259.7597835587358,250.95480107899058,269.8002414450876,264.58,4.820216441264165,1.8218370402456652,0,1,0,1
AAPL,2026-02-20,2026-02-23,264.58,260.2511919860028,251.0363903213257,269.04679303052603,266.18,5.928808013997184,2.2273679516772287,0,1,0,1
AAPL,2026-02-23,2026-02-24,266.18,260.2796902204647,250.61060425714123,269.2452810571123,272.14,11.860309779535271,4.358164833945563,0,1,0,0
AAPL,2026-02-24,2026-02-25,272.14,261.32651847162344,251.955508987818,270.9318362394354,274.23,12.903481528376574,4.705350081284338,0,1,0,0
AAPL,2026-02-25,2026-02-26,274.23,260.87612340822824,251.9233235697971,270.78072620046885,272.95,12.07387659177175,4.423475578431728,0,0,1,0
AAPL,2026-02-26,2026-02-27,272.95,261.5333098617241,252.07721226742458,271.5886677177066,264.18,2.6466901382759147,1.00185106297817,0,0,1,1
AAPL,2026-02-27,2026-03-02,264.18,262.3058896034064,252.4607344262307,271.9788599681927,263.985,1.6791103965936145,0.6360628052843942,0,0,1,1
AAPL,2026-03-02,2026-03-03,263.985,261.75352630105954,251.7005026668779,271.11000229803113,263.75,1.9964736989404628,0.7569568526501486,0,0,1,1
AAPL,2026-03-03,2026-03-04,263.75,262.33049179853805,252.85935045616657,272.17014014172196,262.52,0.18950820146193337,0.07218810050842395,0,0,1,1
AAPL,2026-03-04,2026-03-05,262.52,261.1929892195411,251.8977354865951,270.8327183113025,260.29,0.902989219541098,0.3469166005249553,0,0,1,1
AAPL,2026-03-05,2026-03-06,260.29,261.1408318931493,251.85445787739852,271.0971438137009,257.46,3.680831893149332,1.4296713637094558,1,0,0,1
AAPL,2026-03-06,2026-03-09,257.46,261.4246748852753,252.62785568374798,271.37242291811003,259.88,1.544674885275299,0.5943800543388721,1,1,1,1
AAPL,2026-03-09,2026-03-10,259.88,260.9581503055481,252.0134134678708,271.01557272312505,260.83,0.12815030554810392,0.0491317354380979,1,1,1,1
AAPL,2026-03-10,2026-03-11,260.83,261.1307156496927,251.24949740529522,269.9406562184981,260.81,0.3207156496927155,0.12296907698340499,1,0,0,1
